{"stats":{"minecraft:crafted":{"minecraft:cooked_porkchop":3,"minecraft:stick":16,"minecraft:iron_ingot":24,"minecraft:cooked_chicken":8,"minecraft:acacia_planks":8,"minecraft:torch":64,"minecraft:cooked_mutton":7,"minecraft:air":0},"minecraft:custom":{"minecraft:time_since_rest":22587,"minecraft:interact_with_furnace":18,"minecraft:sprint_one_cm":32214,"minecraft:damage_taken":450,"minecraft:walk_one_cm":16845,"minecraft:damage_blocked_by_shield":80,"minecraft:mob_kills":5,"minecraft:drop":11,"minecraft:damage_dealt":1155,"minecraft:fly_one_cm":33281,"minecraft:crouch_one_cm":3711,"minecraft:play_time":25318,"minecraft:deaths":1,"minecraft:sneak_time":2302,"minecraft:jump":187,"minecraft:leave_game":2,"minecraft:time_since_death":22554,"minecraft:total_world_time":25318,"minecraft:fall_one_cm":6088},"minecraft:mined":{"minecraft:redstone_ore":6,"minecraft:furnace":2,"minecraft:iron_ore":44,"minecraft:crafting_table":1,"minecraft:coal_ore":38,"minecraft:short_grass":8,"minecraft:acacia_log":2,"minecraft:oak_log":4,"minecraft:grass_block":5,"minecraft:dirt":14,"minecraft:deepslate_gold_ore":5,"minecraft:stone":39,"minecraft:gold_ore":2,"minecraft:oak_leaves":5},"minecraft:picked_up":{"minecraft:raw_iron":44,"minecraft:stick":8,"minecraft:crafting_table":1,"minecraft:wooden_pickaxe":1,"minecraft:acacia_log":2,"minecraft:porkchop":3,"minecraft:oak_log":5,"minecraft:shield":2,"minecraft:redstone":26,"minecraft:dirt":19,"minecraft:bone":2,"minecraft:stone_sword":1,"minecraft:arrow":4,"minecraft:stone_shovel":2,"minecraft:stone_axe":2,"minecraft:wheat_seeds":2,"minecraft:raw_gold":7,"minecraft:stone_pickaxe":1,"minecraft:iron_pickaxe":1,"minecraft:oak_sapling":2,"minecraft:coal":38,"minecraft:oak_planks":16,"minecraft:cobblestone":41,"minecraft:furnace":2},"minecraft:dropped":{"minecraft:stone_axe":1,"minecraft:shield":1,"minecraft:wheat_seeds":2,"minecraft:oak_log":4,"minecraft:stone_shovel":1,"minecraft:oak_sapling":1,"minecraft:oak_planks":16,"minecraft:stone_pickaxe":1,"minecraft:wooden_pickaxe":1,"minecraft:stick":8},"minecraft:killed":{"minecraft:skeleton":2,"minecraft:pig":2,"minecraft:enderman":1},"minecraft:used":{"minecraft:stone_sword":23,"minecraft:stone_shovel":3,"minecraft:iron_pickaxe":136,"minecraft:shield":2,"minecraft:cooked_chicken":3,"minecraft:torch":29,"minecraft:stone_axe":3,"minecraft:dirt":19,"minecraft:crafting_table":1,"minecraft:furnace":2,"minecraft:cooked_porkchop":3}},"DataVersion":3953}