{"stats":{"minecraft:crafted":{"minecraft:acacia_planks":8},"minecraft:custom":{"minecraft:time_since_rest":12205,"minecraft:crouch_one_cm":1192,"minecraft:sprint_one_cm":8443,"minecraft:play_time":14936,"minecraft:deaths":1,"minecraft:walk_one_cm":4402,"minecraft:sneak_time":546,"minecraft:mob_kills":2,"minecraft:drop":6,"minecraft:jump":80,"minecraft:damage_dealt":224,"minecraft:leave_game":2,"minecraft:time_since_death":12172,"minecraft:total_world_time":14936,"minecraft:damage_taken":30,"minecraft:fall_one_cm":2508,"minecraft:fly_one_cm":15495},"minecraft:mined":{"minecraft:short_grass":8,"minecraft:acacia_log":2,"minecraft:grass_block":5,"minecraft:oak_log":4,"minecraft:dirt":11,"minecraft:oak_leaves":5,"minecraft:crafting_table":1},"minecraft:picked_up":{"minecraft:stone_sword":1,"minecraft:stick":8,"minecraft:stone_shovel":1,"minecraft:wooden_pickaxe":1,"minecraft:stone_axe":1,"minecraft:acacia_log":2,"minecraft:wheat_seeds":2,"minecraft:porkchop":3,"minecraft:stone_pickaxe":1,"minecraft:oak_log":5,"minecraft:oak_sapling":2,"minecraft:oak_planks":16,"minecraft:dirt":16,"minecraft:cobblestone":2,"minecraft:crafting_table":1},"minecraft:dropped":{"minecraft:oak_planks":16,"minecraft:wooden_pickaxe":1,"minecraft:wheat_seeds":2,"minecraft:oak_log":4,"minecraft:stick":8},"minecraft:killed":{"minecraft:pig":2},"minecraft:used":{"minecraft:stone_axe":3,"minecraft:dirt":11}},"DataVersion":3953}