{"stats":{"minecraft:mined":{"minecraft:hay_block":28,"minecraft:dandelion":15,"minecraft:cornflower":2,"minecraft:azure_bluet":1,"minecraft:grass":31,"minecraft:grass_block":9,"minecraft:oak_log":7,"minecraft:poppy":3,"minecraft:dirt_path":1,"minecraft:brown_wool":2,"minecraft:rose_bush":3,"minecraft:dirt":3,"minecraft:tall_grass":3},"minecraft:dropped":{"minecraft:poppy":4,"minecraft:wheat_seeds":8,"minecraft:cornflower":3,"minecraft:diamond":1,"minecraft:rose_bush":2,"minecraft:leather_boots":1,"minecraft:slime_ball":1,"minecraft:beef":10,"minecraft:azure_bluet":3,"minecraft:leather_helmet":1,"minecraft:dandelion":3},"minecraft:killed":{"minecraft:cow":4},"minecraft:used":{"minecraft:rose_bush":1,"minecraft:iron_shovel":5,"minecraft:wooden_sword":19,"minecraft:dirt":13,"minecraft:dandelion":12,"minecraft:experience_bottle":3},"minecraft:custom":{"minecraft:time_since_rest":7027,"minecraft:sprint_one_cm":45111,"minecraft:walk_one_cm":35711,"minecraft:mob_kills":4,"minecraft:drop":14,"minecraft:damage_dealt":400,"minecraft:fly_one_cm":56672,"minecraft:open_chest":9,"minecraft:crouch_one_cm":2920,"minecraft:play_time":9573,"minecraft:sneak_time":591,"minecraft:jump":102,"minecraft:interact_with_blast_furnace":1,"minecraft:leave_game":1,"minecraft:time_since_death":9573,"minecraft:walk_on_water_one_cm":2836,"minecraft:sleep_in_bed":1,"minecraft:total_world_time":9573,"minecraft:fall_one_cm":3256},"minecraft:picked_up":{"minecraft:azure_bluet":3,"minecraft:leather":6,"minecraft:dandelion":15,"minecraft:oak_log":7,"minecraft:cornflower":3,"minecraft:dirt":13,"minecraft:diamond":1,"minecraft:wheat_seeds":8,"minecraft:hay_block":28,"minecraft:beef":10,"minecraft:rose_bush":3,"minecraft:poppy":4}},"DataVersion":3465}