{"stat.craftItem.minecraft.leather_leggings":7,"stat.walkOneCm":198911,"stat.playerKills":1,"stat.leaveGame":1,"stat.craftItem.minecraft.leather_boots":6,"stat.minecartOneCm":259,"stat.useItem.minecraft.armor_stand":13,"stat.useItem.minecraft.glowstone":173,"stat.craftItem.minecraft.leather_helmet":7,"stat.jump":323,"stat.useItem.minecraft.minecart":7,"stat.fallOneCm":7948,"stat.entityKilledBy.Skeleton":1,"stat.crouchOneCm":13931,"stat.useItem.minecraft.nether_brick_fence":41,"stat.useItem.minecraft.obsidian":1582,"stat.useItem.minecraft.dirt":2,"stat.sprintOneCm":49789,"stat.useItem.minecraft.stained_glass":1056,"achievement.exploreAllBiomes":{"value":0,"progress":["Plains"]},"stat.craftingTableInteraction":13,"stat.useItem.minecraft.stone_slab":147,"achievement.openInventory":119,"stat.damageTaken":1155,"stat.useItem.minecraft.rail":6,"stat.useItem.minecraft.furnace":1,"stat.mobKills":1,"stat.useItem.minecraft.anvil":1,"stat.flyOneCm":672778,"stat.deaths":7,"stat.drop":34,"stat.playOneMinute":84682,"stat.craftItem.minecraft.leather_chestplate":7,"stat.useItem.minecraft.enchanting_table":1,"stat.damageDealt":230,"stat.useItem.minecraft.wool":25,"stat.timeSinceDeath":0,"stat.useItem.minecraft.crafting_table":6}