{"stats":{"minecraft:custom":{"minecraft:time_since_rest":1968,"minecraft:crouch_one_cm":71,"minecraft:play_time":3421,"minecraft:sprint_one_cm":4554,"minecraft:deaths":1,"minecraft:damage_taken":90,"minecraft:walk_one_cm":7830,"minecraft:sneak_time":79,"minecraft:jump":36,"minecraft:damage_dealt":9,"minecraft:time_since_death":1944,"minecraft:total_world_time":3421,"minecraft:interact_with_crafting_table":3,"minecraft:fall_one_cm":627,"minecraft:fly_one_cm":10165},"minecraft:crafted":{"minecraft:stone_sword":2,"minecraft:oak_planks":16,"minecraft:acacia_planks":8,"minecraft:crafting_table":1,"minecraft:stick":16,"minecraft:stone_pickaxe":2,"minecraft:wooden_pickaxe":1},"minecraft:mined":{"minecraft:acacia_log":2,"minecraft:dirt":6,"minecraft:tall_grass":1,"minecraft:stone":20},"minecraft:picked_up":{"minecraft:stick":8,"minecraft:acacia_log":2,"minecraft:wheat_seeds":1,"minecraft:oak_log":4,"minecraft:oak_planks":16,"minecraft:dirt":6,"minecraft:cobblestone":20},"minecraft:used":{"minecraft:dirt":1,"minecraft:crafting_table":1,"minecraft:wooden_pickaxe":21}},"DataVersion":3953}