{"stat.craftItem.minecraft.leather_leggings":7,"stat.chestOpened":4,"stat.walkOneCm":337069,"stat.useItem.minecraft.torch":1,"stat.leaveGame":1,"stat.craftItem.minecraft.leather_boots":6,"stat.killEntity.Ghast":1,"stat.minecartOneCm":259,"stat.useItem.minecraft.armor_stand":13,"stat.useItem.minecraft.potion":2,"stat.useItem.minecraft.glowstone":173,"stat.craftItem.minecraft.leather_helmet":7,"stat.jump":898,"stat.swimOneCm":4100,"stat.useItem.minecraft.minecart":7,"stat.fallOneCm":33970,"stat.climbOneCm":1802,"stat.crouchOneCm":20815,"stat.useItem.minecraft.nether_brick_fence":41,"stat.useItem.minecraft.obsidian":1582,"stat.useItem.minecraft.dirt":2,"stat.sprintOneCm":91858,"stat.useItem.minecraft.stained_glass":1056,"achievement.exploreAllBiomes":{"value":0,"progress":["Plains"]},"stat.useItem.minecraft.water_bucket":12,"stat.craftingTableInteraction":13,"stat.useItem.minecraft.stone_slab":147,"achievement.openInventory":143,"stat.useItem.minecraft.snowball":15,"stat.useItem.minecraft.flint_and_steel":4,"stat.damageTaken":48448,"stat.useItem.minecraft.rail":6,"stat.useItem.minecraft.wooden_pickaxe":8,"stat.mobKills":4,"stat.useItem.minecraft.bucket":12,"stat.flyOneCm":816569,"stat.deaths":39,"stat.drop":46,"stat.playOneMinute":118398,"stat.craftItem.minecraft.leather_chestplate":7,"stat.entityKilledBy.Silverfish":1,"stat.entityKilledBy.Slime":1,"stat.damageDealt":1952,"stat.killEntity.Rabbit":1,"stat.useItem.minecraft.wool":25,"stat.timeSinceDeath":963,"stat.useItem.minecraft.crafting_table":6,"stat.entityKilledBy.LavaSlime":1,"stat.diveOneCm":4299}