{"stats":{"minecraft:custom":{"minecraft:interact_with_furnace":64,"minecraft:mob_kills":44,"minecraft:interact_with_crafting_table":22,"minecraft:leave_game":2,"minecraft:time_since_death":48535,"minecraft:sleep_in_bed":1,"minecraft:climb_one_cm":567,"minecraft:time_since_rest":11378,"minecraft:sprint_one_cm":107871,"minecraft:damage_taken":796,"minecraft:walk_one_cm":170270,"minecraft:damage_blocked_by_shield":272,"minecraft:drop":31,"minecraft:damage_dealt":4148,"minecraft:swim_one_cm":17729,"minecraft:fly_one_cm":156663,"minecraft:crouch_one_cm":1352,"minecraft:play_time":50012,"minecraft:deaths":1,"minecraft:sneak_time":807,"minecraft:walk_under_water_one_cm":6930,"minecraft:jump":836,"minecraft:walk_on_water_one_cm":15110,"minecraft:total_world_time":50012,"minecraft:fall_one_cm":24806},"minecraft:crafted":{"minecraft:cooked_beef":12,"minecraft:oak_planks":40,"minecraft:stone_shovel":2,"minecraft:crafting_table":4,"minecraft:iron_helmet":1,"minecraft:iron_sword":1,"minecraft:wooden_pickaxe":1,"minecraft:cooked_chicken":6,"minecraft:furnace":2,"minecraft:cooked_salmon":3,"minecraft:stone_axe":2,"minecraft:cooked_mutton":6,"minecraft:air":0,"minecraft:iron_chestplate":1,"minecraft:iron_boots":1,"minecraft:shield":2,"minecraft:iron_axe":1,"minecraft:stick":56,"minecraft:iron_ingot":38,"minecraft:iron_pickaxe":2,"minecraft:stone_pickaxe":3,"minecraft:stone_sword":2,"minecraft:iron_shovel":1,"minecraft:iron_leggings":1,"minecraft:white_bed":1,"minecraft:acacia_planks":24,"minecraft:torch":116},"minecraft:picked_up":{"minecraft:feather":16,"minecraft:chicken":14,"minecraft:andesite":4,"minecraft:salmon":3,"minecraft:leather":8,"minecraft:oak_log":10,"minecraft:shield":1,"minecraft:string":2,"minecraft:lapis_lazuli":49,"minecraft:dirt":21,"minecraft:glass":6,"minecraft:bone":6,"minecraft:bow":1,"minecraft:wheat_seeds":6,"minecraft:cobbled_deepslate":11,"minecraft:raw_gold":9,"minecraft:beef":12,"minecraft:light_gray_wool":1,"minecraft:sugar_cane":9,"minecraft:oak_planks":16,"minecraft:furnace":4,"minecraft:egg":6,"minecraft:raw_iron":71,"minecraft:stick":8,"minecraft:sandstone":2,"minecraft:torch":3,"minecraft:acacia_log":9,"minecraft:porkchop":4,"minecraft:sand":65,"minecraft:diorite":14,"minecraft:white_bed":1,"minecraft:redstone":17,"minecraft:spider_eye":2,"minecraft:arrow":8,"minecraft:rotten_flesh":2,"minecraft:granite":13,"minecraft:black_wool":1,"minecraft:mutton":13,"minecraft:coal":164,"minecraft:white_wool":6,"minecraft:cobblestone":122},"minecraft:mined":{"minecraft:deepslate_redstone_ore":2,"minecraft:acacia_leaves":1,"minecraft:white_bed":1,"minecraft:torch":1,"minecraft:granite":13,"minecraft:short_grass":30,"minecraft:acacia_log":9,"minecraft:grass_block":3,"minecraft:tall_grass":1,"minecraft:deepslate_gold_ore":6,"minecraft:lapis_ore":8,"minecraft:sugar_cane":3,"minecraft:diorite":14,"minecraft:sandstone":3,"minecraft:wall_torch":1,"minecraft:redstone_ore":2,"minecraft:furnace":4,"minecraft:iron_ore":61,"minecraft:andesite":4,"minecraft:oak_log":6,"minecraft:coal_ore":101,"minecraft:deepslate_iron_ore":11,"minecraft:dirt":18,"minecraft:sand":48,"minecraft:stone":122,"minecraft:deepslate":11,"minecraft:gold_ore":3,"minecraft:fern":2},"minecraft:dropped":{"minecraft:stone_axe":2,"minecraft:wheat_seeds":5,"minecraft:stone_sword":2,"minecraft:stone_shovel":2,"minecraft:cobblestone":2,"minecraft:oak_planks":1,"minecraft:light_gray_wool":1,"minecraft:granite":11,"minecraft:dirt":18,"minecraft:shield":2,"minecraft:diorite":3,"minecraft:andesite":3,"minecraft:sandstone":1,"minecraft:bow":1,"minecraft:stone_pickaxe":2,"minecraft:wooden_pickaxe":1,"minecraft:iron_pickaxe":1,"minecraft:black_wool":1},"minecraft:broken":{"minecraft:stone_pickaxe":1},"minecraft:killed":{"minecraft:pig":2,"minecraft:zombie_villager":1,"minecraft:salmon":3,"minecraft:spider":2,"minecraft:sheep":8,"minecraft:skeleton":6,"minecraft:zombie":1,"minecraft:chicken":14,"minecraft:cow":7},"minecraft:used":{"minecraft:cooked_mutton":1,"minecraft:diorite":8,"minecraft:stone_sword":88,"minecraft:stone_shovel":54,"minecraft:stone_pickaxe":163,"minecraft:oak_planks":1,"minecraft:shield":4,"minecraft:wooden_pickaxe":21,"minecraft:sandstone":1,"minecraft:iron_sword":20,"minecraft:cooked_salmon":3,"minecraft:cooked_chicken":5,"minecraft:rotten_flesh":2,"minecraft:iron_chestplate":1,"minecraft:torch":72,"minecraft:dirt":3,"minecraft:crafting_table":4,"minecraft:white_bed":1,"minecraft:iron_pickaxe":189,"minecraft:iron_helmet":1,"minecraft:iron_boots":1,"minecraft:stone_axe":38,"minecraft:cobblestone":2,"minecraft:furnace":6,"minecraft:porkchop":4,"minecraft:egg":2,"minecraft:cooked_beef":2,"minecraft:iron_leggings":1}},"DataVersion":3953}