{"stats":{"minecraft:crafted":{"minecraft:oak_planks":16,"minecraft:stone_shovel":2,"minecraft:crafting_table":2,"minecraft:wooden_pickaxe":1,"minecraft:cooked_chicken":4,"minecraft:furnace":2,"minecraft:cooked_salmon":3,"minecraft:stone_axe":2,"minecraft:cooked_mutton":6,"minecraft:air":0,"minecraft:stick":24,"minecraft:stone_pickaxe":2,"minecraft:stone_sword":2,"minecraft:acacia_planks":8,"minecraft:torch":32},"minecraft:custom":{"minecraft:interact_with_furnace":20,"minecraft:mob_kills":18,"minecraft:interact_with_crafting_table":5,"minecraft:leave_game":2,"minecraft:time_since_death":18535,"minecraft:time_since_rest":18559,"minecraft:sprint_one_cm":49923,"minecraft:damage_taken":290,"minecraft:walk_one_cm":63304,"minecraft:drop":6,"minecraft:damage_dealt":1658,"minecraft:swim_one_cm":6589,"minecraft:fly_one_cm":95797,"minecraft:crouch_one_cm":733,"minecraft:play_time":20012,"minecraft:deaths":1,"minecraft:sneak_time":405,"minecraft:walk_under_water_one_cm":2954,"minecraft:jump":387,"minecraft:walk_on_water_one_cm":1902,"minecraft:total_world_time":20012,"minecraft:fall_one_cm":11552},"minecraft:mined":{"minecraft:acacia_leaves":1,"minecraft:short_grass":21,"minecraft:acacia_log":9,"minecraft:grass_block":1,"minecraft:tall_grass":1,"minecraft:sugar_cane":3,"minecraft:diorite":6,"minecraft:sandstone":2,"minecraft:oak_log":6,"minecraft:coal_ore":39,"minecraft:dirt":12,"minecraft:sand":48,"minecraft:stone":73},"minecraft:picked_up":{"minecraft:feather":1,"minecraft:chicken":4,"minecraft:salmon":3,"minecraft:leather":4,"minecraft:oak_log":10,"minecraft:dirt":13,"minecraft:wheat_seeds":5,"minecraft:beef":6,"minecraft:light_gray_wool":1,"minecraft:sugar_cane":9,"minecraft:oak_planks":16,"minecraft:egg":2,"minecraft:stick":8,"minecraft:sandstone":1,"minecraft:acacia_log":9,"minecraft:porkchop":4,"minecraft:sand":47,"minecraft:diorite":6,"minecraft:rotten_flesh":2,"minecraft:black_wool":1,"minecraft:mutton":6,"minecraft:coal":39,"minecraft:white_wool":2,"minecraft:cobblestone":73},"minecraft:dropped":{"minecraft:stone_axe":1,"minecraft:stone_sword":1,"minecraft:stone_shovel":1,"minecraft:cobblestone":2,"minecraft:stone_pickaxe":1,"minecraft:wooden_pickaxe":1},"minecraft:killed":{"minecraft:pig":2,"minecraft:zombie_villager":1,"minecraft:salmon":3,"minecraft:sheep":4,"minecraft:zombie":1,"minecraft:chicken":4,"minecraft:cow":3},"minecraft:used":{"minecraft:stone_sword":48,"minecraft:stone_shovel":50,"minecraft:stone_pickaxe":103,"minecraft:oak_planks":1,"minecraft:wooden_pickaxe":21,"minecraft:sandstone":1,"minecraft:cooked_salmon":3,"minecraft:rotten_flesh":2,"minecraft:torch":1,"minecraft:dirt":3,"minecraft:crafting_table":2,"minecraft:stone_axe":23,"minecraft:furnace":2,"minecraft:porkchop":4,"minecraft:egg":2}},"DataVersion":3953}