{"stats":{"minecraft:crafted":{"minecraft:oak_planks":16,"minecraft:stone_shovel":2,"minecraft:crafting_table":1,"minecraft:stick":16,"minecraft:wooden_pickaxe":1,"minecraft:stone_pickaxe":2,"minecraft:stone_sword":2,"minecraft:acacia_planks":8,"minecraft:stone_axe":2},"minecraft:custom":{"minecraft:time_since_rest":8396,"minecraft:damage_taken":260,"minecraft:walk_one_cm":35683,"minecraft:sprint_one_cm":23806,"minecraft:mob_kills":12,"minecraft:drop":6,"minecraft:damage_dealt":1268,"minecraft:swim_one_cm":476,"minecraft:interact_with_crafting_table":3,"minecraft:fly_one_cm":59974,"minecraft:crouch_one_cm":162,"minecraft:play_time":9849,"minecraft:deaths":1,"minecraft:sneak_time":97,"minecraft:walk_under_water_one_cm":109,"minecraft:jump":242,"minecraft:leave_game":2,"minecraft:time_since_death":8372,"minecraft:walk_on_water_one_cm":312,"minecraft:total_world_time":9849,"minecraft:fall_one_cm":7796},"minecraft:mined":{"minecraft:acacia_leaves":1,"minecraft:short_grass":19,"minecraft:acacia_log":9,"minecraft:sand":15,"minecraft:dirt":7,"minecraft:tall_grass":1,"minecraft:stone":57},"minecraft:picked_up":{"minecraft:stick":8,"minecraft:feather":1,"minecraft:chicken":4,"minecraft:acacia_log":9,"minecraft:porkchop":4,"minecraft:sand":14,"minecraft:oak_log":4,"minecraft:dirt":7,"minecraft:rotten_flesh":2,"minecraft:wheat_seeds":4,"minecraft:light_gray_wool":1,"minecraft:black_wool":1,"minecraft:mutton":6,"minecraft:oak_planks":16,"minecraft:white_wool":2,"minecraft:cobblestone":57,"minecraft:egg":2},"minecraft:dropped":{"minecraft:stone_axe":1,"minecraft:stone_sword":1,"minecraft:stone_shovel":1,"minecraft:cobblestone":2,"minecraft:wooden_pickaxe":1,"minecraft:stone_pickaxe":1},"minecraft:killed":{"minecraft:sheep":4,"minecraft:zombie":1,"minecraft:pig":2,"minecraft:chicken":4,"minecraft:zombie_villager":1},"minecraft:used":{"minecraft:stone_sword":35,"minecraft:stone_shovel":15,"minecraft:stone_pickaxe":37,"minecraft:wooden_pickaxe":21,"minecraft:rotten_flesh":1,"minecraft:stone_axe":16,"minecraft:dirt":2,"minecraft:crafting_table":1,"minecraft:porkchop":4}},"DataVersion":3953}