{"stats":{"minecraft:custom":{"minecraft:interact_with_furnace":50,"minecraft:mob_kills":41,"minecraft:interact_with_crafting_table":14,"minecraft:leave_game":2,"minecraft:time_since_death":36535,"minecraft:climb_one_cm":567,"minecraft:time_since_rest":36559,"minecraft:sprint_one_cm":76901,"minecraft:damage_taken":698,"minecraft:walk_one_cm":133158,"minecraft:damage_blocked_by_shield":100,"minecraft:drop":24,"minecraft:damage_dealt":3679,"minecraft:swim_one_cm":17729,"minecraft:fly_one_cm":133176,"minecraft:crouch_one_cm":1312,"minecraft:play_time":38012,"minecraft:deaths":1,"minecraft:sneak_time":767,"minecraft:walk_under_water_one_cm":3628,"minecraft:jump":648,"minecraft:walk_on_water_one_cm":6970,"minecraft:total_world_time":38012,"minecraft:fall_one_cm":18079},"minecraft:crafted":{"minecraft:cooked_beef":12,"minecraft:oak_planks":20,"minecraft:stone_shovel":2,"minecraft:crafting_table":4,"minecraft:iron_sword":1,"minecraft:wooden_pickaxe":1,"minecraft:cooked_chicken":4,"minecraft:furnace":2,"minecraft:cooked_salmon":3,"minecraft:stone_axe":2,"minecraft:cooked_mutton":6,"minecraft:air":0,"minecraft:iron_boots":1,"minecraft:shield":1,"minecraft:stick":36,"minecraft:iron_ingot":28,"minecraft:iron_pickaxe":2,"minecraft:stone_pickaxe":3,"minecraft:stone_sword":2,"minecraft:iron_leggings":1,"minecraft:acacia_planks":24,"minecraft:torch":52},"minecraft:mined":{"minecraft:acacia_leaves":1,"minecraft:torch":1,"minecraft:granite":11,"minecraft:short_grass":30,"minecraft:acacia_log":9,"minecraft:grass_block":3,"minecraft:tall_grass":1,"minecraft:lapis_ore":8,"minecraft:sugar_cane":3,"minecraft:diorite":10,"minecraft:sandstone":3,"minecraft:wall_torch":1,"minecraft:furnace":4,"minecraft:iron_ore":39,"minecraft:andesite":2,"minecraft:oak_log":6,"minecraft:coal_ore":64,"minecraft:dirt":18,"minecraft:sand":48,"minecraft:stone":92,"minecraft:gold_ore":3,"minecraft:fern":2},"minecraft:picked_up":{"minecraft:feather":16,"minecraft:chicken":14,"minecraft:andesite":2,"minecraft:salmon":3,"minecraft:leather":8,"minecraft:oak_log":10,"minecraft:string":2,"minecraft:lapis_lazuli":49,"minecraft:dirt":21,"minecraft:glass":6,"minecraft:bone":5,"minecraft:bow":1,"minecraft:wheat_seeds":6,"minecraft:raw_gold":3,"minecraft:beef":12,"minecraft:light_gray_wool":1,"minecraft:sugar_cane":9,"minecraft:oak_planks":16,"minecraft:furnace":4,"minecraft:egg":6,"minecraft:raw_iron":38,"minecraft:stick":8,"minecraft:sandstone":2,"minecraft:torch":2,"minecraft:acacia_log":9,"minecraft:porkchop":4,"minecraft:sand":65,"minecraft:diorite":10,"minecraft:spider_eye":2,"minecraft:arrow":6,"minecraft:rotten_flesh":2,"minecraft:granite":11,"minecraft:black_wool":1,"minecraft:mutton":13,"minecraft:coal":126,"minecraft:white_wool":6,"minecraft:cobblestone":92},"minecraft:dropped":{"minecraft:stone_axe":1,"minecraft:wheat_seeds":5,"minecraft:stone_sword":2,"minecraft:stone_shovel":1,"minecraft:cobblestone":2,"minecraft:light_gray_wool":1,"minecraft:granite":11,"minecraft:dirt":18,"minecraft:diorite":3,"minecraft:andesite":2,"minecraft:sandstone":1,"minecraft:bow":1,"minecraft:stone_pickaxe":2,"minecraft:wooden_pickaxe":1,"minecraft:black_wool":1},"minecraft:broken":{"minecraft:stone_pickaxe":1},"minecraft:killed":{"minecraft:pig":2,"minecraft:zombie_villager":1,"minecraft:salmon":3,"minecraft:spider":2,"minecraft:sheep":8,"minecraft:skeleton":3,"minecraft:zombie":1,"minecraft:chicken":14,"minecraft:cow":7},"minecraft:used":{"minecraft:cooked_mutton":1,"minecraft:diorite":7,"minecraft:stone_sword":88,"minecraft:stone_shovel":54,"minecraft:stone_pickaxe":163,"minecraft:oak_planks":1,"minecraft:shield":3,"minecraft:wooden_pickaxe":21,"minecraft:sandstone":1,"minecraft:iron_sword":8,"minecraft:cooked_salmon":3,"minecraft:cooked_chicken":4,"minecraft:rotten_flesh":2,"minecraft:torch":38,"minecraft:dirt":3,"minecraft:crafting_table":4,"minecraft:iron_pickaxe":60,"minecraft:iron_boots":1,"minecraft:stone_axe":38,"minecraft:cobblestone":2,"minecraft:furnace":6,"minecraft:porkchop":4,"minecraft:egg":2,"minecraft:cooked_beef":1,"minecraft:iron_leggings":1}},"DataVersion":3953}