{"stat.craftItem.minecraft.leather_leggings":7,"stat.walkOneCm":145121,"stat.useItem.minecraft.stone_slab":147,"achievement.openInventory":111,"stat.damageTaken":550,"stat.craftItem.minecraft.leather_boots":6,"stat.useItem.minecraft.rail":6,"stat.minecartOneCm":259,"stat.useItem.minecraft.armor_stand":13,"stat.useItem.minecraft.glowstone":173,"stat.craftItem.minecraft.leather_helmet":7,"stat.flyOneCm":645262,"stat.deaths":4,"stat.drop":17,"stat.jump":207,"stat.useItem.minecraft.minecart":7,"stat.playOneMinute":74723,"stat.craftItem.minecraft.leather_chestplate":7,"stat.fallOneCm":5298,"stat.damageDealt":10,"stat.crouchOneCm":12246,"stat.useItem.minecraft.wool":25,"stat.timeSinceDeath":1636,"stat.useItem.minecraft.nether_brick_fence":41,"stat.useItem.minecraft.obsidian":1582,"stat.useItem.minecraft.dirt":2,"stat.sprintOneCm":28606,"stat.useItem.minecraft.stained_glass":1056,"stat.useItem.minecraft.crafting_table":6,"achievement.exploreAllBiomes":{"value":0,"progress":["Plains"]},"stat.craftingTableInteraction":13}