{"stats":{"minecraft:custom":{"minecraft:mob_kills":44,"minecraft:interact_with_crafting_table":27,"minecraft:leave_game":2,"minecraft:time_since_death":60535,"minecraft:climb_one_cm":1023,"minecraft:sprint_one_cm":125356,"minecraft:walk_one_cm":201954,"minecraft:damage_blocked_by_shield":272,"minecraft:drop":39,"minecraft:play_time":62012,"minecraft:deaths":1,"minecraft:sneak_time":990,"minecraft:walk_under_water_one_cm":7968,"minecraft:boat_one_cm":5621,"minecraft:jump":1033,"minecraft:walk_on_water_one_cm":17265,"minecraft:total_world_time":62012,"minecraft:interact_with_furnace":89,"minecraft:sleep_in_bed":3,"minecraft:time_since_rest":2246,"minecraft:damage_taken":796,"minecraft:damage_dealt":4148,"minecraft:swim_one_cm":17729,"minecraft:fly_one_cm":178051,"minecraft:crouch_one_cm":1891,"minecraft:fish_caught":1,"minecraft:fall_one_cm":28212},"minecraft:crafted":{"minecraft:oak_planks":40,"minecraft:stone_shovel":2,"minecraft:fishing_rod":1,"minecraft:cooked_chicken":6,"minecraft:furnace":3,"minecraft:cooked_mutton":6,"minecraft:iron_boots":1,"minecraft:iron_axe":1,"minecraft:stone_pickaxe":3,"minecraft:cooked_beef":12,"minecraft:crafting_table":5,"minecraft:wooden_pickaxe":1,"minecraft:iron_helmet":1,"minecraft:iron_sword":1,"minecraft:cooked_salmon":3,"minecraft:copper_ingot":7,"minecraft:stone_axe":2,"minecraft:acacia_boat":1,"minecraft:air":0,"minecraft:iron_chestplate":1,"minecraft:shield":2,"minecraft:stick":60,"minecraft:iron_ingot":38,"minecraft:iron_pickaxe":2,"minecraft:stone_sword":2,"minecraft:gold_ingot":9,"minecraft:iron_shovel":1,"minecraft:iron_leggings":1,"minecraft:white_bed":1,"minecraft:acacia_planks":36,"minecraft:torch":120},"minecraft:mined":{"minecraft:white_bed":2,"minecraft:jungle_leaves":1,"minecraft:glow_lichen":2,"minecraft:granite":13,"minecraft:acacia_log":9,"minecraft:grass_block":3,"minecraft:jungle_log":6,"minecraft:sandstone":3,"minecraft:redstone_ore":2,"minecraft:furnace":7,"minecraft:iron_ore":61,"minecraft:andesite":4,"minecraft:vine":4,"minecraft:deepslate_iron_ore":11,"minecraft:stone":145,"minecraft:deepslate_redstone_ore":2,"minecraft:acacia_leaves":1,"minecraft:crafting_table":2,"minecraft:torch":1,"minecraft:short_grass":30,"minecraft:tall_grass":1,"minecraft:copper_ore":9,"minecraft:lapis_ore":8,"minecraft:deepslate_gold_ore":6,"minecraft:sugar_cane":3,"minecraft:diorite":14,"minecraft:wall_torch":2,"minecraft:coal_ore":101,"minecraft:oak_log":6,"minecraft:sand":48,"minecraft:dirt":18,"minecraft:gold_ore":3,"minecraft:deepslate":11,"minecraft:fern":2},"minecraft:picked_up":{"minecraft:crafting_table":2,"minecraft:chicken":14,"minecraft:shield":1,"minecraft:string":2,"minecraft:raw_copper":31,"minecraft:cobbled_deepslate":11,"minecraft:beef":12,"minecraft:light_gray_wool":1,"minecraft:sugar_cane":9,"minecraft:egg":6,"minecraft:furnace":7,"minecraft:stick":8,"minecraft:raw_iron":71,"minecraft:sandstone":2,"minecraft:bowl":1,"minecraft:torch":4,"minecraft:acacia_log":9,"minecraft:porkchop":4,"minecraft:diorite":14,"minecraft:redstone":17,"minecraft:arrow":8,"minecraft:rotten_flesh":2,"minecraft:mutton":13,"minecraft:white_wool":6,"minecraft:cobblestone":145,"minecraft:feather":16,"minecraft:jungle_log":6,"minecraft:salmon":4,"minecraft:andesite":4,"minecraft:leather":8,"minecraft:oak_log":10,"minecraft:acacia_boat":1,"minecraft:dirt":21,"minecraft:lapis_lazuli":49,"minecraft:glass":6,"minecraft:bone":6,"minecraft:bow":1,"minecraft:wheat_seeds":6,"minecraft:raw_gold":9,"minecraft:iron_ingot":33,"minecraft:oak_planks":16,"minecraft:sand":65,"minecraft:white_bed":2,"minecraft:spider_eye":2,"minecraft:granite":13,"minecraft:black_wool":1,"minecraft:coal":176,"minecraft:ender_pearl":1},"minecraft:broken":{"minecraft:stone_pickaxe":1},"minecraft:dropped":{"minecraft:wheat_seeds":5,"minecraft:cobblestone":2,"minecraft:granite":13,"minecraft:dirt":18,"minecraft:diorite":6,"minecraft:iron_pickaxe":1,"minecraft:stone_axe":2,"minecraft:stone_sword":2,"minecraft:cobbled_deepslate":11,"minecraft:raw_copper":24,"minecraft:stone_shovel":2,"minecraft:light_gray_wool":1,"minecraft:oak_planks":1,"minecraft:shield":2,"minecraft:andesite":4,"minecraft:sandstone":1,"minecraft:bow":1,"minecraft:wooden_pickaxe":1,"minecraft:stone_pickaxe":2,"minecraft:black_wool":1},"minecraft:killed":{"minecraft:spider":2,"minecraft:skeleton":6,"minecraft:chicken":14,"minecraft:pig":2,"minecraft:zombie_villager":1,"minecraft:salmon":3,"minecraft:sheep":8,"minecraft:zombie":1,"minecraft:cow":7},"minecraft:used":{"minecraft:stone_sword":88,"minecraft:stone_shovel":54,"minecraft:shield":4,"minecraft:iron_sword":20,"minecraft:cooked_salmon":3,"minecraft:cooked_chicken":6,"minecraft:rotten_flesh":2,"minecraft:iron_chestplate":1,"minecraft:torch":73,"minecraft:dirt":3,"minecraft:iron_axe":13,"minecraft:iron_helmet":1,"minecraft:iron_boots":1,"minecraft:furnace":7,"minecraft:egg":6,"minecraft:cooked_beef":2,"minecraft:iron_leggings":1,"minecraft:cooked_mutton":1,"minecraft:acacia_boat":1,"minecraft:diorite":8,"minecraft:stone_pickaxe":163,"minecraft:oak_planks":1,"minecraft:wooden_pickaxe":21,"minecraft:sandstone":1,"minecraft:crafting_table":6,"minecraft:white_bed":2,"minecraft:iron_pickaxe":226,"minecraft:stone_axe":38,"minecraft:fishing_rod":3,"minecraft:cobblestone":9,"minecraft:porkchop":4}},"DataVersion":3953}