{"stat.chestOpened":8,"stat.useItem.minecraft.cooked_rabbit":3,"stat.walkOneCm":183519,"stat.playerKills":22,"stat.leaveGame":1,"stat.killEntity.Slime":9,"stat.killEntity.Ghast":1,"stat.talkedToVillager":4,"stat.mineBlock.minecraft.stained_glass":4,"stat.useItem.minecraft.bedrock":4,"stat.jump":908,"stat.swimOneCm":4198,"stat.fallOneCm":40367,"stat.climbOneCm":1264,"stat.mineBlock.minecraft.web":2,"stat.craftItem.minecraft.gold_ingot":9,"stat.crouchOneCm":7078,"stat.useItem.minecraft.dirt":5,"stat.sprintOneCm":59178,"achievement.exploreAllBiomes":{"value":0,"progress":["Plains"]},"stat.useItem.minecraft.water_bucket":1,"stat.useItem.minecraft.stone_slab":4,"stat.mineBlock.minecraft.tnt":2,"achievement.openInventory":81,"stat.mineBlock.minecraft.glass_pane":2,"stat.damageTaken":41996,"stat.useItem.minecraft.diamond_pickaxe":7,"stat.killEntity.Endermite":1,"stat.mobKills":27,"stat.useItem.minecraft.bucket":2,"stat.useItem.minecraft.golden_apple":1,"stat.killEntity.CaveSpider":1,"stat.flyOneCm":187179,"stat.deaths":29,"stat.drop":28,"stat.playOneMinute":41520,"stat.useItem.minecraft.banner":2,"stat.useItem.minecraft.cooked_beef":1,"stat.damageDealt":19226,"stat.killEntity.Rabbit":11,"stat.killEntity.Zombie":1,"stat.timeSinceDeath":79,"stat.craftItem.minecraft.dye":9,"stat.killEntity.Cow":1,"stat.entityKilledBy.LavaSlime":1,"stat.mineBlock.minecraft.stone":1,"stat.diveOneCm":4781}