{"stat.walkOneCm":223689,"stat.playerKills":2,"stat.leaveGame":2,"stat.useItem.minecraft.tnt":1,"stat.minecartOneCm":269,"stat.jump":481,"stat.swimOneCm":3,"stat.fallOneCm":133701,"stat.useItem.minecraft.planks":13,"stat.crouchOneCm":17397,"stat.useItem.minecraft.obsidian":502,"stat.sprintOneCm":55327,"stat.useItem.minecraft.stained_glass":727,"achievement.exploreAllBiomes":{"value":0,"progress":["Plains"]},"stat.useItem.minecraft.water_bucket":1,"stat.useItem.minecraft.stone_slab":318,"achievement.openInventory":31,"stat.useItem.minecraft.flint_and_steel":40,"stat.damageTaken":13680,"stat.mineBlock.minecraft.crafting_table":1,"stat.mineBlock.minecraft.torch":3,"stat.useItem.minecraft.bucket":1,"stat.flyOneCm":603086,"stat.deaths":8,"stat.drop":13,"stat.playOneMinute":70965,"stat.entityKilledBy.Slime":1,"stat.damageDealt":250,"stat.timeSinceDeath":3470,"stat.useItem.minecraft.sign":3,"stat.useItem.minecraft.spawn_egg":32}