{"stat.walkOneCm":274688,"stat.playerKills":3,"stat.leaveGame":2,"stat.useItem.minecraft.tnt":1,"stat.minecartOneCm":269,"stat.breakItem.minecraft.wooden_sword":1,"stat.jump":629,"stat.swimOneCm":3,"stat.fallOneCm":147172,"stat.useItem.minecraft.planks":13,"stat.entityKilledBy.Skeleton":1,"stat.crouchOneCm":18584,"stat.useItem.minecraft.obsidian":507,"stat.sprintOneCm":78609,"stat.useItem.minecraft.stained_glass":727,"achievement.exploreAllBiomes":{"value":0,"progress":["Plains"]},"stat.useItem.minecraft.water_bucket":1,"stat.useItem.minecraft.stone_slab":318,"achievement.openInventory":46,"stat.entityKilledBy.Wolf":2,"stat.useItem.minecraft.flint_and_steel":40,"stat.damageTaken":16206,"stat.mineBlock.minecraft.crafting_table":1,"stat.mineBlock.minecraft.torch":3,"stat.useItem.minecraft.bucket":1,"stat.entityKilledBy.Creeper":1,"stat.flyOneCm":643565,"stat.deaths":18,"stat.drop":14,"stat.playOneMinute":79706,"stat.useItem.minecraft.wooden_sword":1,"stat.entityKilledBy.Zombie":1,"stat.entityKilledBy.Slime":1,"stat.damageDealt":20840,"stat.timeSinceDeath":1053,"stat.useItem.minecraft.sign":3,"stat.useItem.minecraft.spawn_egg":32}