{"stat.chestOpened":2,"stat.beaconInteraction":3,"stat.useItem.minecraft.bow":23,"stat.walkOneCm":476560,"stat.playerKills":42,"stat.horseOneCm":16067,"stat.leaveGame":3,"stat.useItem.minecraft.tnt":15,"stat.minecartOneCm":269,"stat.useItem.minecraft.diamond_sword":4,"stat.talkedToVillager":1,"stat.useItem.minecraft.potion":1,"stat.jump":1566,"stat.swimOneCm":12423,"stat.breakItem.minecraft.leather_helmet":1,"stat.fallOneCm":227313,"stat.useItem.minecraft.planks":13,"stat.crouchOneCm":21460,"stat.useItem.minecraft.obsidian":504,"stat.useItem.minecraft.dirt":5,"stat.sprintOneCm":185964,"stat.useItem.minecraft.stained_glass":727,"achievement.exploreAllBiomes":{"value":0,"progress":["Plains"]},"stat.useItem.minecraft.water_bucket":3,"stat.entityKilledBy.Endermite":1,"stat.useItem.minecraft.stone_slab":322,"stat.mineBlock.minecraft.tnt":7,"achievement.openInventory":80,"stat.useItem.minecraft.iron_sword":46,"stat.useItem.minecraft.flint_and_steel":51,"stat.mineBlock.minecraft.glass_pane":1,"stat.damageTaken":58135,"stat.mineBlock.minecraft.crafting_table":1,"stat.mineBlock.minecraft.torch":3,"stat.useItem.minecraft.gold_block":1,"stat.killEntity.Endermite":1,"stat.breakItem.minecraft.leather_boots":1,"stat.mobKills":7,"stat.useItem.minecraft.bucket":3,"stat.flyOneCm":856269,"stat.deaths":55,"stat.drop":50,"stat.mineBlock.minecraft.sand":9,"stat.playOneMinute":109434,"stat.entityKilledBy.Silverfish":1,"stat.entityKilledBy.Slime":2,"stat.damageDealt":42955,"stat.killEntity.Rabbit":2,"stat.timeSinceDeath":12,"stat.killEntity.Cow":1,"stat.useItem.minecraft.sign":3,"stat.useItem.minecraft.spawn_egg":32,"stat.entityKilledBy.LavaSlime":1,"stat.diveOneCm":4589}