{"stat.craftItem.minecraft.leather_leggings":2,"stat.cakeSlicesEaten":2,"stat.chestOpened":2,"stat.walkOneCm":426669,"stat.useItem.minecraft.torch":474,"stat.playerKills":32,"stat.useItem.minecraft.stone":89,"stat.useItem.minecraft.iron_axe":15,"stat.leaveGame":1,"stat.useItem.minecraft.cobblestone":18,"stat.useItem.minecraft.tnt":1,"stat.craftItem.minecraft.leather_boots":2,"stat.useItem.minecraft.skull":4,"stat.useItem.minecraft.lava_bucket":1,"stat.minecartOneCm":1557,"stat.useItem.minecraft.diamond_sword":28,"stat.useItem.minecraft.glowstone":218,"stat.craftItem.minecraft.leather_helmet":2,"stat.mineBlock.minecraft.stained_glass":1,"stat.useItem.minecraft.melon":1,"stat.jump":1766,"stat.swimOneCm":6726,"stat.useItem.minecraft.minecart":5,"stat.fallOneCm":69671,"stat.climbOneCm":1048,"stat.breakItem.minecraft.diamond_chestplate":1,"stat.crouchOneCm":11530,"stat.useItem.minecraft.obsidian":930,"stat.useItem.minecraft.dirt":2,"stat.sprintOneCm":142622,"stat.useItem.minecraft.stained_glass":31,"achievement.exploreAllBiomes":{"value":0,"progress":["Plains"]},"stat.useItem.minecraft.water_bucket":5,"stat.craftingTableInteraction":7,"stat.useItem.minecraft.prismarine":8,"stat.useItem.minecraft.stone_slab":117,"achievement.openInventory":76,"stat.useItem.minecraft.iron_sword":3,"stat.mineBlock.minecraft.glass_pane":2,"stat.damageTaken":42142,"stat.useItem.minecraft.rail":2,"stat.mobKills":3,"stat.useItem.minecraft.bucket":4,"stat.flyOneCm":947722,"stat.deaths":51,"stat.useItem.minecraft.ender_pearl":2,"stat.drop":93,"stat.playOneMinute":121696,"stat.craftItem.minecraft.leather_chestplate":2,"stat.entityKilledBy.Silverfish":1,"stat.entityKilledBy.Slime":1,"stat.damageDealt":5365,"stat.timeSinceDeath":0,"stat.useItem.minecraft.sign":9,"stat.useItem.minecraft.crafting_table":8,"stat.useItem.minecraft.iron_pickaxe":1,"stat.useItem.minecraft.fishing_rod":1,"stat.diveOneCm":4230}