{"stat.craftItem.minecraft.leather_leggings":2,"stat.walkOneCm":152808,"stat.useItem.minecraft.stone_slab":114,"stat.useItem.minecraft.torch":474,"achievement.openInventory":39,"stat.damageTaken":1485,"stat.craftItem.minecraft.leather_boots":2,"stat.useItem.minecraft.rail":2,"stat.useItem.minecraft.bucket":1,"stat.minecartOneCm":1557,"stat.useItem.minecraft.glowstone":218,"stat.craftItem.minecraft.leather_helmet":2,"stat.flyOneCm":575690,"stat.deaths":12,"stat.mineBlock.minecraft.stained_glass":1,"stat.drop":2,"stat.jump":255,"stat.swimOneCm":18,"stat.useItem.minecraft.minecart":5,"stat.playOneMinute":77595,"stat.craftItem.minecraft.leather_chestplate":2,"stat.fallOneCm":13018,"stat.damageDealt":160,"stat.crouchOneCm":7803,"stat.timeSinceDeath":568,"stat.useItem.minecraft.obsidian":930,"stat.sprintOneCm":28432,"stat.useItem.minecraft.stained_glass":31,"stat.useItem.minecraft.sign":9,"stat.useItem.minecraft.crafting_table":8,"achievement.exploreAllBiomes":{"value":0,"progress":["Plains"]},"stat.useItem.minecraft.fishing_rod":1,"stat.useItem.minecraft.water_bucket":1,"stat.craftingTableInteraction":7}