{"stat.craftItem.minecraft.leather_leggings":2,"stat.walkOneCm":203637,"stat.useItem.minecraft.torch":474,"stat.leaveGame":1,"stat.craftItem.minecraft.leather_boots":2,"stat.useItem.minecraft.skull":2,"stat.minecartOneCm":1557,"stat.useItem.minecraft.glowstone":218,"stat.craftItem.minecraft.leather_helmet":2,"stat.mineBlock.minecraft.stained_glass":1,"stat.jump":381,"stat.swimOneCm":18,"stat.useItem.minecraft.minecart":5,"stat.fallOneCm":15383,"stat.entityKilledBy.Skeleton":1,"stat.crouchOneCm":9031,"stat.useItem.minecraft.obsidian":930,"stat.sprintOneCm":45489,"stat.useItem.minecraft.stained_glass":31,"achievement.exploreAllBiomes":{"value":0,"progress":["Plains"]},"stat.useItem.minecraft.water_bucket":1,"stat.craftingTableInteraction":7,"stat.useItem.minecraft.stone_slab":114,"achievement.openInventory":48,"stat.damageTaken":22901,"stat.useItem.minecraft.rail":2,"stat.useItem.minecraft.bucket":1,"stat.flyOneCm":598892,"stat.deaths":20,"stat.drop":2,"stat.playOneMinute":87066,"stat.craftItem.minecraft.leather_chestplate":2,"stat.entityKilledBy.Zombie":2,"stat.damageDealt":270,"stat.timeSinceDeath":0,"stat.useItem.minecraft.sign":9,"stat.useItem.minecraft.crafting_table":8,"stat.useItem.minecraft.fishing_rod":1}